tipo,debe_vh,debe_vc,pagador,receptor,fecha,observaciones,pagado
deuda,1020298.55,0.0,VH,VC,2025-04-08,FC 52 - PLAYKUK SA,True
deuda,154486.2,0.0,VH,VC,2025-04-08,FC 53 - PLAYKUK SA,True
deuda,1761714.88,0.0,VH,VC,2025-04-09,FC 36129 - BENABI,True
deuda,1230733.64,0.0,VH,VC,2025-04-09,FC 67771 - IBICO,True
deuda,353188.51,0.0,VH,VC,2025-04-10,FC 3994 - LA NACIONAL,False
deuda,1291467.27,0.0,VH,VC,2025-04-11,FC 62557 - POKA,True
deuda,1291467.27,0.0,VH,VC,2025-04-11,FC 62557 - POKA B,True
deuda,612395.08,0.0,VH,VC,2025-04-15,FC 36297 - BENABI,True
deuda,643175.0,0.0,VH,VC,2025-04-15,FC 240 - DAKESIAN DELFINA,True
deuda,137201.57,0.0,VH,VC,2025-04-15,FC 780 - SUEÑOS MAGICOS,True
deuda,136500.0,0.0,VH,VC,2025-04-16,FC 615 - HORIZONTE,True
deuda,359336.12,0.0,VH,VC,2025-04-16,FC 1199 - PLASTICOS LUCERO,False
deuda,238334.05,0.0,VH,VC,2025-04-16,FC 26115 - RECOR,False
deuda,489917.36,0.0,VH,VC,2025-04-16,FC 60239 - SOIFER,True
deuda,322103.47,0.0,VH,VC,2025-04-17,FC 10639 - MUNDO PLASTIC,True
deuda,515380.17,0.0,VH,VC,2025-04-21,FC 301 - JUGUETES FANTASIAS,True
deuda,950619.09,0.0,VH,VC,2025-04-21,FC 142 - LOPEZ NICOLAS R,True
deuda,284539.92,0.0,VH,VC,2025-04-22,FC 56121 - CAMPAGNA,True
deuda,134018.18,0.0,VH,VC,2025-04-22,FC 74155 - GO SHOP S.A,True
deuda,162446.28,0.0,VH,VC,2025-04-22,FC 74158 - GO SHOP S.A,True
deuda,479603.31,0.0,VH,VC,2025-04-22,FC 74159 - GO SHOP S.A,True
deuda,270434.38,0.0,VH,VC,2025-04-22,FC 74156 - GO SHOP S.A,True
deuda,266231.4,0.0,VH,VC,2025-04-22,FC 74157 - GO SHOP S.A,True
deuda,391491.78,0.0,VH,VC,2025-04-22,FC 142673 - MEDORO,True
deuda,283075.0,0.0,VH,VC,2025-04-22,FC 12809 - MENAJE EL SIGLO,True
deuda,3832001.4,0.0,VH,VC,2025-04-23,FC 3128 - BECHAR SRL,True
deuda,1247037.89,0.0,VH,VC,2025-04-23,FC 36609 - BENABI,True
deuda,2615578.51,0.0,VH,VC,2025-04-23,FC 8589 - GRIFLOR,True
deuda,441312.4,0.0,VH,VC,2025-04-24,FC 89 - NIPE IMPORTS,True
deuda,1616340.5,0.0,VH,VC,2025-04-24,FC 89 - NIPE IMPORTS B,True
deuda,325000.0,0.0,VH,VC,2025-04-24,FC 11439 - TALLERES GRAFICOS UNION,True
deuda,231815.79,0.0,VH,VC,2025-04-25,FC 38252 - LA PORTEÑA,True
deuda,2256622.73,0.0,VH,VC,2025-04-25,FC 60604 - SOIFER,True
deuda,366365.79,0.0,VH,VC,2025-04-28,FC 8510 - EL MUNDO DEL BAZAR,False
deuda,145118.68,0.0,VH,VC,2025-04-29,FC 1414 - COTILLON OTERO,True
deuda,3216289.17,0.0,VH,VC,2025-04-29,FC 16118 - MOLDURAS DEL PLATA,True
deuda,707625.45,0.0,VH,VC,2025-04-30,FC 12863 - MENAJE EL SIGLO,True
deuda,322530.0,0.0,VH,VC,2025-05-01,FC 1526 - CROSTY SRL,True
deuda,2860376.03,0.0,VH,VC,2025-05-03,FC 49958 - MODAX,True
deuda,4344215.91,0.0,VH,VC,2025-05-05,FC 37357 - PASTEUR 86,False
deuda,4344215.91,0.0,VH,VC,2025-05-05,FC 37357 - PASTEUR 86 B,True
deuda,2502379.67,0.0,VH,VC,2025-05-07,FC 3463 - BECHAR SRL,True
deuda,70883.31,0.0,VH,VC,2025-05-08,FC 36772 - BENABI,True
deuda,483544.67,0.0,VH,VC,2025-05-08,FC 36749 - BENABI,True
deuda,3343747.73,0.0,VH,VC,2025-05-09,FC 37472 - PASTEUR 86,False
deuda,3343747.73,0.0,VH,VC,2025-05-09,FC 37472 - PASTEUR 86 B,True
deuda,724015.12,0.0,VH,VC,2025-05-13,FC 1457 - COTILLON OTERO,True
deuda,161157.02,0.0,VH,VC,2025-05-13,FC 60979 - SOIFER,True
deuda,695230.87,0.0,VH,VC,2025-05-13,FC 7376 - TSUNAMI,True
deuda,2132585.54,0.0,VH,VC,2025-05-14,FC 3743 - BECHAR SRL,True
deuda,264555.37,0.0,VH,VC,2025-05-15,FC 61092 - SOIFER,True
deuda,322314.05,0.0,VH,VC,2025-05-15,FC 61098 - SOIFER,True
deuda,1963827.27,0.0,VH,VC,2025-05-16,FC 37599 - PASTEUR 86,False
deuda,1963827.27,0.0,VH,VC,2025-05-16,FC 37599 - PASTEUR 86 B,True
deuda,33628.1,0.0,VH,VC,2025-05-16,FC 61253 - SOIFER,True
deuda,551403.06,0.0,VH,VC,2025-05-19,FC 37010 - BENABI,True
deuda,173550.0,0.0,VH,VC,2025-05-19,FC 15900 - IMPORTAL GROUP,True
deuda,1405772.73,0.0,VH,VC,2025-05-20,FC 37641 - PASTEUR 86,False
deuda,1405772.73,0.0,VH,VC,2025-05-20,FC 37641 - PASTEUR 86 B,True
deuda,213161.86,0.0,VH,VC,2025-05-22,FC 23443 - BAG CENTER,True
deuda,370841.65,0.0,VH,VC,2025-05-22,FC 442 - ESETEPE S.R.L,True
deuda,60759.96,0.0,VH,VC,2025-05-22,FC 1179 - LIKBER,True
deuda,60759.96,0.0,VH,VC,2025-05-22,FC 1179 - LIKBER B,False
deuda,42573.93,0.0,VH,VC,2025-05-22,FC 55846 - POKA B,True
deuda,60759.96,0.0,VH,VC,2025-05-22,FC 1179 - POKA B,True
deuda,42573.93,0.0,VH,VC,2025-05-22,FC 55846 - SHIPY,True
deuda,826733.39,0.0,VH,VC,2025-05-22,FC 61428 - SOIFER,True
deuda,546257.31,0.0,VH,VC,2025-05-23,FC 264 - HERRUS,True
deuda,499304.21,0.0,VH,VC,2025-05-23,FC 19641 - IDEAS RODECA,True
deuda,1048619.75,0.0,VH,VC,2025-05-23,FC 127803 - IMPO. AMERICANA,True
deuda,514617.89,0.0,VH,VC,2025-05-23,FC 7239 - NAGUS S.R.L,True
deuda,463371.57,0.0,VH,VC,2025-05-23,FC 15820 - TRANCOSO,True
deuda,928059.26,0.0,VH,VC,2025-05-27,FC 2671 - ARTESANIAS MERCADO,True
deuda,1155547.98,0.0,VH,VC,2025-05-27,FC 9645 - COMPAÑÍA LUARCA,True
deuda,950905.41,0.0,VH,VC,2025-05-27,FC 20795 - SAO LEOPOLDO,True
deuda,1620036.36,0.0,VH,VC,2025-05-28,FC 37768 - PASTEUR 86,False
deuda,1620036.36,0.0,VH,VC,2025-05-28,FC 37768 - PASTEUR 86 B,True
deuda,80982.48,0.0,VH,VC,2025-05-28,FC 20799 - SAO LEOPOLDO,True
deuda,207967.23,0.0,VH,VC,2025-05-28,FC 20800 - SAO LEOPOLDO,True
deuda,1487021.12,0.0,VH,VC,2025-06-03,FC 16211 - MOLDURAS DEL PLATA,True
deuda,1142559.79,0.0,VH,VC,2025-06-03,FC 12141 - OPENING,True
deuda,126160.7,0.0,VH,VC,2025-06-03,FC 411 - OPENING,True
deuda,1571463.64,0.0,VH,VC,2025-06-03,FC 58672 - PASTEUR 86,False
deuda,1571463.64,0.0,VH,VC,2025-06-03,FC 58672 - PASTEUR 86 B,True
deuda,1631913.64,0.0,VH,VC,2025-06-04,FC 58697 - PASTEUR 86,False
deuda,1631913.64,0.0,VH,VC,2025-06-04,FC 58697 - PASTEUR 86 B,True
deuda,448577.89,0.0,VH,VC,2025-06-05,FC 50477 - MODAX,True
deuda,469700.74,0.0,VH,VC,2025-06-06,FC 39019 - LA PORTEÑA,True
deuda,37414.75,0.0,VH,VC,2025-06-06,FC 39020 - LA PORTEÑA,True
deuda,1116741.36,0.0,VH,VC,2025-06-06,FC 130143 - MERCATOR S.A,True
deuda,732854.59,0.0,VH,VC,2025-06-10,FC 13643 - COMERCIAL DAVIES,True
deuda,495000.79,0.0,VH,VC,2025-06-10,FC 1067 - MULPLAST SRL,True
deuda,311827.56,0.0,VH,VC,2025-06-11,FC 27130 - PLASTIPRESS,True
deuda,967687.23,0.0,VH,VC,2025-06-13,FC 251 - DAKESIAN DELFINA,True
deuda,659518.47,0.0,VH,VC,2025-06-26,FC 1057 - FUN TOYS,True
deuda,198250.0,0.0,VH,VC,2025-07-01,FC 6 - SORLUZ,True
deuda,956060.83,0.0,VH,VC,2025-07-02,FC 3742 - IND. PLASTICAS RAO,True
deuda,279902.36,0.0,VH,VC,2025-07-04,FC 27752 - RECOR,True
deuda,1363208.47,0.0,VH,VC,2025-07-08,FC 2445 - MIX S.R.L,True
deuda,23829.21,0.0,VH,VC,2025-07-09,FC 39856 - LA PORTEÑA,True
deuda,1038587.19,0.0,VH,VC,2025-07-17,FC 128894 - IMPO. AMERICANA,True
deuda,553355.74,0.0,VH,VC,2025-07-17,FC 21054 - SAO LEOPOLDO,True
deuda,1282624.05,0.0,VH,VC,2025-07-23,FC 23390 - PANA PACK,True
deuda,1572705.62,0.0,VH,VC,2025-07-23,FC 23391 - PANA PACK,True
deuda,1290480.99,0.0,VH,VC,2025-07-23,FC 23389 - PANA PACK,True
deuda,75341.45,0.0,VH,VC,2025-07-24,FC 23399 - PANA PACK,True
deuda,830511.45,0.0,VH,VC,2025-07-25,FC 18164 - DULCILANDIA-SWEET,True
deuda,1227274.67,0.0,VH,VC,2025-07-25,FC 1698 - FUN TOYS,True
deuda,817904.13,0.0,VH,VC,2025-07-25,FC 1699 - FUN TOYS,True
deuda,316435.04,0.0,VH,VC,2025-07-25,FC 3854 - SEBIGUS,True
deuda,327600.0,0.0,VH,VC,2025-07-28,FC 7053 - SEBILLE,True
deuda,512279.5,0.0,VH,VC,2025-07-29,FC 6673 - BECHAR SRL,True
deuda,4851198.18,0.0,VH,VC,2025-07-30,FC 186991 - VELAS DE LOS MILAGROS,True
deuda,871503.88,0.0,VH,VC,2025-07-31,FC 20497 - IDEAS RODECA,True
deuda,178821.98,0.0,VH,VC,2025-07-31,FC 7582 - NAGUS S.R.L,True
deuda,1191717.52,0.0,VH,VC,2025-08-04,FC 129307 - IMPO. AMERICANA,True
deuda,2286249.83,0.0,VH,VC,2025-08-04,FC 1079 - PERKUL,True
deuda,2211463.84,0.0,VH,VC,2025-08-05,FC 5274 - OLDCLAN,True
deuda,1687957.07,0.0,VH,VC,2025-08-08,FC 42662 - ELIPLAST,True
deuda,632580.0,0.0,VH,VC,2025-08-08,FC 352 - INDUSTRIAS KMG,True
deuda,228182.77,0.0,VH,VC,2025-08-11,FC 123 - CASTILLO - CORIZZO,True
deuda,574742.36,0.0,VH,VC,2025-08-11,FC 7665 - NAGUS S.R.L,True
deuda,1742320.7,0.0,VH,VC,2025-08-11,FC 26121 - STAR COMPANY,True
deuda,178869.26,0.0,VH,VC,2025-08-11,FC 26122 - STAR COMPANY,True
deuda,625039.46,0.0,VH,VC,2025-08-12,FC 20059 - FAIMEXPORT,True
deuda,4667276.65,0.0,VH,VC,2025-08-12,FC 211782 - RIGOLLEAU,True
deuda,270400.0,0.0,VH,VC,2025-08-14,FC 404 - INDUSTRIAS KMG,True
deuda,120556.74,0.0,VH,VC,2025-08-15,FC 6703 - DISEÑO RYD,True
deuda,550978.68,0.0,VH,VC,2025-08-18,FC 87155 - INDUSTRIAS MAYA,True
deuda,963845.79,0.0,VH,VC,2025-08-19,FC 15508 - ALUMINIO REAL,True
deuda,124800.0,0.0,VH,VC,2025-08-19,FC 434 - INDUSTRIAS KMG,True
deuda,1135721.36,0.0,VH,VC,2025-08-21,FC 3767 - IND. PLASTICAS RAO,True
deuda,261159.26,0.0,VH,VC,2025-08-22,FC 3442 - METALURGICA ZACCARA,True
deuda,80683.26,0.0,VH,VC,2025-08-25,FC 968 - EVACOR,True
deuda,467350.0,0.0,VH,VC,2025-08-26,FC 21296 - IMAGEN PARTY,True
deuda,867927.27,0.0,VH,VC,2025-08-27,FC 20821 - IDEAS RODECA,True
deuda,724139.21,0.0,VH,VC,2025-09-01,FC 8743 - EL MUNDO DEL BAZAR,True
deuda,261159.26,0.0,VH,VC,2025-09-02,FC 3446 - METALURGICA ZACCARA,True
deuda,543441.36,0.0,VH,VC,2025-09-04,FC 86375 - GRAVENT SA,True
deuda,671970.54,0.0,VH,VC,2025-09-04,FC 59455 - SKRIBE,True
deuda,396512.36,0.0,VH,VC,2025-09-05,FC 12669 - TRIGGER PACK,True
deuda,377835.87,0.0,VH,VC,2025-09-06,FC 27661 - PLASTIPRESS,True
deuda,539714.88,0.0,VH,VC,2025-09-08,FC 20952 - IDEAS RODECA,True
deuda,67911.57,0.0,VH,VC,2025-09-08,FC 2537 - ZABAWA SRL,True
deuda,781481.57,0.0,VH,VC,2025-09-09,FC 179 - PERFILPLAST,True
deuda,1485120.0,0.0,VH,VC,2025-09-10,FC 1807 - PALLADINO,True
deuda,1344567.98,0.0,VH,VC,2025-09-11,FC 4988 - MULTIMAX,True
deuda,133867.77,0.0,VH,VC,2025-09-11,FC 139 - TINK - RAPPOPORT,True
deuda,510977.36,0.0,VH,VC,2025-09-12,FC  - SALZANO,True
deuda,510977.36,0.0,VH,VC,2025-09-12,FC 1 - SALZANO,True
deuda,508289.79,0.0,VH,VC,2025-09-13,FC 66007 - POKA,True
deuda,508289.79,0.0,VH,VC,2025-09-13,FC 66007 - POKA B,True
deuda,286536.65,0.0,VH,VC,2025-09-16,FC 368 - BARICHEVAL,True
deuda,1370200.0,0.0,VH,VC,2025-09-18,FC 2028 - BARCEL,True
deuda,529035.54,0.0,VH,VC,2025-09-18,FC 7854 - NAGUS S.R.L,True
deuda,611206.82,0.0,VH,VC,2025-09-24,FC 2568 - ZABAWA SRL,True
deuda,262080.0,0.0,VH,VC,2025-09-26,FC 591 - INDUSTRIAS KMG,True
deuda,321795.66,0.0,VH,VC,2025-09-26,FC 29522 - RECOR,True
deuda,307690.12,0.0,VH,VC,2025-09-29,FC 667 - ENVASES PARANA,True
deuda,417246.28,0.0,VH,VC,2025-10-01,FC 18502 - DULCILANDIA,True
deuda,565460.79,0.0,VH,VC,2025-10-02,FC 26148 - AEROCOR,True
deuda,433413.02,0.0,VH,VC,2025-10-02,FC 51270 - PLASTICO BANPLAST,True
deuda,1293290.5,0.0,VH,VC,2025-10-09,FC 21232 - IDEAS RODECA,True
deuda,897000.0,0.0,VH,VC,2025-10-12,FC 274 - DAKESIAN DELFINA,True
deuda,300073.31,0.0,VH,VC,2025-10-15,FC 2067 - BOYANO GRACIELA,True
deuda,3476445.5,0.0,VH,VC,2025-10-15,FC 58505 - CAMPAGNA,True
deuda,1910016.4,0.0,VH,VC,2025-10-15,FC 58504 - CAMPAGNA,True
deuda,1465878.39,0.0,VH,VC,2025-10-16,FC 1354 - ALBERTO SCOLARI,True
deuda,125710.54,0.0,VH,VC,2025-10-16,FC 2532 - LIKBER,True
deuda,439187.81,0.0,VH,VC,2025-10-22,FC 196274 - VELAS DE LOS MILAGROS,True
deuda,1118608.64,0.0,VH,VC,2025-10-23,FC 32093 - HILO MAM,True
deuda,993219.88,0.0,VH,VC,2025-10-24,FC 3812 - IND. PLASTICAS RAO,True
deuda,466050.0,0.0,VH,VC,2025-10-27,FC 8849 - EL MUNDO DEL BAZAR,True
deuda,2371594.83,0.0,VH,VC,2025-10-27,FC 196722 - VELAS DE LOS MILAGROS,True
deuda,590361.69,0.0,VH,VC,2025-10-28,FC 8914 - GRIFLOR,True
deuda,28226201.65,0.0,VH,VC,2025-10-29,FC 1305 - ESTRADA,False
deuda,1415304.09,0.0,VH,VC,2025-10-30,FC 2758 - ARTESANIAS MERCADO,True
deuda,787643.68,0.0,VH,VC,2025-10-30,FC 2959 - ARTESANIAS MERCADO,True
deuda,1112550.21,0.0,VH,VC,2025-10-30,FC 64998 - QUALITET SA,True
deuda,238516.69,0.0,VH,VC,2025-10-30,FC 64999 - QUALITET SA,False
deuda,223249.75,0.0,VH,VC,2025-10-30,FC 65000 - QUALITET SA,False
deuda,1156560.58,0.0,VH,VC,2025-10-31,FC 51306 - LIBESA,True
deuda,1546893.1,0.0,VH,VC,2025-10-31,FC 2904 - PLASTICOS GLAGO,False
deuda,1690832.64,0.0,VH,VC,2025-11-03,FC 21482 - IDEAS RODECA,False
deuda,1841778.76,0.0,VH,VC,2025-11-03,FC 26898 - STAR COMPANY,True
deuda,1257805.33,0.0,VH,VC,2025-11-04,FC 131270 - IMPO. AMERICANA,False
deuda,242548.31,0.0,VH,VC,2025-11-04,FC 2907 - PLASTICOS GLAGO,False
deuda,530400.0,0.0,VH,VC,2025-11-05,FC 678 - INDUSTRIAS KMG,True
deuda,532853.35,0.0,VH,VC,2025-11-06,FC 77123 - LA CORPORACION,True
deuda,12808296.74,0.0,VH,VC,2025-11-10,FC 194185 - BIC,False
deuda,547108.22,0.0,VH,VC,2025-11-10,FC 28053 - PLASTIPRESS,True
deuda,1981937.56,0.0,VH,VC,2025-11-11,FC 58890 - CAMPAGNA,True
deuda,496375.99,0.0,VH,VC,2025-11-11,FC 58891 - CAMPAGNA,True
deuda,146124.3,0.0,VH,VC,2025-11-11,FC 77174 - LA CORPORACION,True
deuda,298397.81,0.0,VH,VC,2025-11-11,FC 24091 - PANA PACK,True
deuda,500958.22,0.0,VH,VC,2025-11-11,FC 6036 - PRODUCTOS BARCE,True
deuda,155516.53,0.0,VH,VC,2025-11-11,FC 6037 - PRODUCTOS BARCE,True
deuda,807841.49,0.0,VH,VC,2025-11-12,FC 11458 - MAGENTA COMPANY,False
deuda,417073.84,0.0,VH,VC,2025-11-14,FC 7553 - TSUNAMI,False
deuda,241856.4,0.0,VH,VC,2025-11-17,FC 2774 - ARTESANIAS MERCADO,False
deuda,306770.45,0.0,VH,VC,2025-11-17,FC 134945 - MERCATOR S.A,True
deuda,306295.04,0.0,VH,VC,2025-11-17,FC 7370 - MYM PARTY,True
deuda,518375.0,0.0,VH,VC,2025-11-17,FC 81 - SORLUZ,True
deuda,243758.6,0.0,VH,VC,2025-11-18,FC 2776 - ARTESANIAS MERCADO,False
deuda,212048.26,0.0,VH,VC,2025-11-19,FC 5249 - GRAFIGOLD,True
deuda,253081.53,0.0,VH,VC,2025-11-19,FC 5250 - GRAFIGOLD,True
deuda,95160.0,0.0,VH,VC,2025-11-19,FC 1434 - NAPTRES,True
deuda,652470.0,0.0,VH,VC,2025-11-20,FC 8870 - EL MUNDO DEL BAZAR,False
deuda,594191.86,0.0,VH,VC,2025-11-22,FC 46382 - POKA B,False
deuda,136016.53,0.0,VH,VC,2025-11-25,FC 142 - TINK - RAPPOPORT,True
deuda,1867320.0,0.0,VH,VC,2025-11-26,FC 26571 - AEROCOR,False
deuda,1460450.08,0.0,VH,VC,2025-11-26,FC 59107 - CAMPAGNA,False
deuda,611488.31,0.0,VH,VC,2025-11-26,FC 59108 - CAMPAGNA,False
deuda,247107.44,0.0,VH,VC,2025-11-26,FC 7557 - TSUNAMI,False
deuda,185760.33,0.0,VH,VC,2025-11-27,FC 387 - BARICHEVAL,True
deuda,767520.0,0.0,VH,VC,2025-11-27,FC 694 - DECOR NAVI,True
deuda,929770.21,0.0,VH,VC,2025-11-27,FC 21691 - IDEAS RODECA,False
deuda,305555.33,0.0,VH,VC,2025-11-27,FC 8368 - NAGUS S.R.L,False
deuda,2517160.99,0.0,VH,VC,2025-11-29,FC 5735 - DICHA S.A,True
deuda,907174.92,0.0,VH,VC,2025-12-01,FC 43885 - ELIPLAST,False
deuda,296103.47,0.0,VH,VC,2025-12-01,FC 43886 - ELIPLAST,False
deuda,552529.55,0.0,VH,VC,2025-12-01,FC 6805 - GRADUA,True
deuda,31210.74,0.0,VH,VC,2025-12-01,FC 6806 - GRADUA,True
deuda,552529.55,0.0,VH,VC,2025-12-01,FC 6805 - GRADUA B,True
deuda,31210.74,0.0,VH,VC,2025-12-01,FC 6806 - GRADUA B,True
deuda,297375.0,0.0,VH,VC,2025-12-03,FC 625 - HORIZONTE,False
deuda,462500.79,0.0,VH,VC,2025-12-03,FC 84 - SORLUZ,True
deuda,564007.15,0.0,VH,VC,2025-12-09,FC 5828 - DICHA S.A,False
deuda,1112804.83,0.0,VH,VC,2025-12-10,FC 2792 - ARTESANIAS MERCADO,False
deuda,899789.63,0.0,VH,VC,2025-12-11,FC 18838 - DULCILANDIA,True
deuda,347190.79,0.0,VH,VC,2025-12-11,FC 1106 - MULPLAST SRL,False
deuda,2720923.1,0.0,VH,VC,2025-12-12,FC 132109 - IMPO. AMERICANA,False
deuda,893023.72,0.0,VH,VC,2025-12-12,FC 16940 194 - MOLDURAS DEL PLATA,False
deuda,827272.73,0.0,VH,VC,2025-12-12,FC 7576 - TSUNAMI,False
deuda,3333465.37,0.0,VH,VC,2025-12-15,FC 21930 - IDEAS RODECA,False
deuda,411067.52,0.0,VH,VC,2025-12-15,FC 8509 - NAGUS S.R.L,False
deuda,1930423.72,0.0,VH,VC,2025-12-16,FC 5318 - MULTIMAX,False
deuda,379600.0,0.0,VH,VC,2025-12-17,FC 706 - EMERPLAST,False
deuda,874847.89,0.0,VH,VC,2025-12-18,FC 1355 - MATRICERIA JL,False
deuda,2025758.31,0.0,VH,VC,2025-12-18,FC 5950 - DICHA S.A,False
deuda,932719.92,0.0,VH,VC,2025-12-19,FC 9032 - GRIFLOR,False
deuda,1598887.19,0.0,VH,VC,2025-12-19,FC 3849 - IND. PLASTICAS RAO,False
deuda,1729210.58,0.0,VH,VC,2025-12-19,FC 16996 - MOLDURAS DEL PLATA,False
deuda,83833.88,0.0,VH,VC,2025-12-19,FC 8543 - NAGUS S.R.L,False
deuda,167351.9,0.0,VH,VC,2025-12-19,FC 8544 - NAGUS S.R.L,False
deuda,594191.86,0.0,VH,VC,2025-12-22,FC 46382 - BERKMA,False
deuda,1967486.07,0.0,VH,VC,2025-12-27,FC 5442 - OLDCLAN,False
deuda,18312795.41,0.0,VH,VC,2025-10-29,FC 130556 - ESTRADA,False
deuda,18312795.41,0.0,VH,VC,2025-10-29,FC 130556 - ESTRADA,False
deuda,3668836.9,0.0,VH,VC,2025-11-20,FC 131027 - ESTRADA,False
deuda,4208411.57,0.0,VH,VC,2025-12-16,FC 19835 - ME INTERNATIONAL,False
deuda,54977.11,0.0,VH,VC,2025-12-23,FC 61420 - POKA B,False
deuda,889444.42,0.0,VH,VC,2025-12-23,FC 61457 - POKA B,False
deuda,654328.68,0.0,VH,VC,2025-12-10,FC 793 - PERFILPLAST,False
deuda,54977.11,0.0,VH,VC,2025-12-23,FC 61420 - SHIPY,False
deuda,889444.42,0.0,VH,VC,2025-12-23,FC 61457 - SHIPY,False
deuda,475052.77,0.0,VH,VC,2025-12-23,FC 22037 - IDEAS RODECA,False
deuda,0.0,116606.4,VC,VH,2025-02-11,FC 15597 - IMPORTAL GROUP,True
deuda,0.0,170100.0,VC,VH,2025-02-11,FC 15574 - IMPORTAL GROUP,True
deuda,0.0,624680.0,VC,VH,2025-02-14,FC 1738 - PALLADINO,True
deuda,0.0,6943377.23,VC,VH,2025-02-18,FC 89287 - TECNOGRAFIC,True
deuda,0.0,494302.11,VC,VH,2025-02-18,FC 89316 - TECNOGRAFIC,True
deuda,0.0,441125.83,VC,VH,2025-02-20,FC 15749 - IMPORTAL GROUP,True
deuda,0.0,982095.08,VC,VH,2025-02-24,FC 2724 - PLASTICOS GLAGO,True
deuda,0.0,399071.74,VC,VH,2025-02-24,FC 2725 - PLASTICOS GLAGO,True
deuda,0.0,2039625.58,VC,VH,2025-02-24,FC 89566 - TECNOGRAFIC,True
deuda,0.0,987543.51,VC,VH,2025-02-25,FC 11910 - OPENING,True
deuda,0.0,36750.0,VC,VH,2025-02-25,FC 2727 - PLASTICOS GLAGO,True
deuda,0.0,635956.36,VC,VH,2025-02-26,FC 8107 - LML - CINTAS,True
deuda,0.0,286363.35,VC,VH,2025-02-27,FC 7303 - TSUNAMI,True
deuda,0.0,908682.15,VC,VH,2025-02-28,FC 2611 - ARTESANIAS MERCADO,True
deuda,0.0,2559449.92,VC,VH,2025-02-28,FC 127892 - ESTRADA,True
deuda,0.0,91175.0,VC,VH,2025-03-07,FC 610 - HORIZONTE,True
deuda,0.0,24329.92,VC,VH,2025-03-10,FC 2615 - ARTESANIAS MERCADO,True
deuda,0.0,318131.78,VC,VH,2025-03-11,FC 126190 - IMPO. AMERICANA,True
deuda,0.0,813663.8,VC,VH,2025-03-11,FC 126191 - IMPO. AMERICANA,True
deuda,0.0,2313136.69,VC,VH,2025-03-12,FC 35307 - BENABI,True
deuda,0.0,447462.27,VC,VH,2025-03-12,FC 3679 - IND. PLASTICAS RAO,True
deuda,0.0,894096.69,VC,VH,2025-03-12,FC 1056 - PERKUL,True
deuda,0.0,470640.08,VC,VH,2025-03-13,FC 18994 - IDEAS RODECA,False
deuda,0.0,1487036.03,VC,VH,2025-03-13,FC 18993 - IDEAS RODECA,True
deuda,0.0,2643283.31,VC,VH,2025-03-17,FC 1531 - IND. PLASTICAS SCARPINO,True
deuda,0.0,2968692.77,VC,VH,2025-03-17,FC 12669 - MENAJE EL SIGLO,False
deuda,0.0,256357.36,VC,VH,2025-03-17,FC 12670 - MENAJE EL SIGLO,False
deuda,0.0,1652095.74,VC,VH,2025-03-18,FC 42940 - BERKMA,True
deuda,0.0,642719.75,VC,VH,2025-03-18,FC 42939 - BERKMA,True
deuda,0.0,1652095.74,VC,VH,2025-03-18,FC 42940 - POKA B,True
deuda,0.0,642719.75,VC,VH,2025-03-18,FC 42939 - POKA B,True
deuda,0.0,922468.97,VC,VH,2025-03-18,FC 62413 - POKA B,True
deuda,0.0,191603.31,VC,VH,2025-03-19,FC 7970 - BUY FREE S.A,True
deuda,0.0,1841065.95,VC,VH,2025-03-19,FC 73435 - GO SHOP S.A,True
deuda,0.0,2853455.7,VC,VH,2025-03-19,FC 73434 - GO SHOP S.A,True
deuda,0.0,2289938.35,VC,VH,2025-03-19,FC 73433 - GO SHOP S.A,True
deuda,0.0,871322.98,VC,VH,2025-03-19,FC x4594 - GO SHOP S.A,True
deuda,0.0,71442.81,VC,VH,2025-03-19,FC x4638 - GO SHOP S.A,True
deuda,0.0,998093.26,VC,VH,2025-03-19,FC 2974 - KOPELCO,True
deuda,0.0,318691.2,VC,VH,2025-03-19,FC 2975 - KOPELCO,True
deuda,0.0,1421155.62,VC,VH,2025-03-19,FC 4817 - LIVORNO,True
deuda,0.0,351861.65,VC,VH,2025-03-19,FC 29 - LYH ACCESORIOS,True
deuda,0.0,587734.17,VC,VH,2025-03-19,FC 2298 - ZABAWA SRL,True
deuda,0.0,448875.0,VC,VH,2025-03-20,FC 33 - LYH ACCESORIOS,True
deuda,0.0,697764.05,VC,VH,2025-03-20,FC 603 - PLAYKUK B,True
deuda,0.0,659750.0,VC,VH,2025-03-20,FC 963 - SERVICIO INTEGRAL GRAFICO,True
deuda,0.0,226403.14,VC,VH,2025-03-20,FC 12460 - TRIGGER PACK,True
deuda,0.0,41793.47,VC,VH,2025-03-20,FC 12461 - TRIGGER PACK,True
deuda,0.0,948019.83,VC,VH,2025-03-21,FC 73595 - GO SHOP S.A,True
deuda,0.0,239920.66,VC,VH,2025-03-21,FC 73596 - GO SHOP S.A,True
deuda,0.0,320033.06,VC,VH,2025-03-21,FC 73597 - GO SHOP S.A,True
deuda,0.0,172699.83,VC,VH,2025-03-21,FC 126496 - IMPO. AMERICANA,True
deuda,0.0,140542.07,VC,VH,2025-03-21,FC 126497 - IMPO. AMERICANA,True
deuda,0.0,458491.03,VC,VH,2025-03-21,FC 126495 - IMPO. AMERICANA,True
deuda,0.0,420717.07,VC,VH,2025-03-21,FC 126494 - IMPO. AMERICANA,True
deuda,0.0,922468.97,VC,VH,2025-03-24,FC 62413 - POKA,True
deuda,0.0,675017.23,VC,VH,2025-03-25,FC 1576 - ORIENTE 10 B,False
deuda,0.0,675017.23,VC,VH,2025-03-25,FC  - ORIENTE 10 B,True
deuda,0.0,508165.0,VC,VH,2025-03-25,FC 7331 - TSUNAMI,True
deuda,0.0,116454.55,VC,VH,2025-03-26,FC 4460 - MULTIMAX,True
deuda,0.0,700600.79,VC,VH,2025-03-26,FC 2542 - NIRVASSA,False
deuda,0.0,984282.73,VC,VH,2025-03-26,FC 11705 - ROCIG S.A,True
deuda,0.0,166558.06,VC,VH,2025-03-27,FC 770 - SUEÑOS MAGICOS,True
deuda,0.0,1040231.24,VC,VH,2025-03-28,FC 2785 - BECHAR SRL,True
deuda,0.0,2712491.61,VC,VH,2025-03-28,FC 2776 - BECHAR SRL,True
deuda,0.0,1893913.35,VC,VH,2025-03-28,FC 2772 - BECHAR SRL,True
deuda,0.0,4066361.03,VC,VH,2025-02-10,FC 188995 - BIC,True
deuda,0.0,1885279.63,VC,VH,2025-03-28,FC 2775 - BECHAR SRL,True
deuda,0.0,16800.0,VC,VH,2025-03-28,FC 6105 - CADENACI,False
deuda,0.0,453383.93,VC,VH,2025-03-28,FC 230965 - ESTISOL,True
deuda,0.0,1136959.38,VC,VH,2025-03-28,FC 5065 - OLDCLAN,True
deuda,0.0,370971.07,VC,VH,2025-03-28,FC 154 - SALAS ROMINA,True
deuda,0.0,210629.71,VC,VH,2025-03-29,FC 54188 - SHIPY,True
deuda,0.0,1685186.94,VC,VH,2025-03-31,FC 1771 - BARCEL,True
deuda,0.0,111094.92,VC,VH,2025-03-31,FC 2789 - BECHAR SRL,True
deuda,0.0,1944433.1,VC,VH,2025-03-31,FC 2787 - BECHAR SRL,True
deuda,0.0,554207.93,VC,VH,2025-03-31,FC 35910 - BENABI,True
deuda,0.0,168210.0,VC,VH,2025-03-31,FC 15819 - IMPORTAL GROUP,True
deuda,0.0,175133.06,VC,VH,2025-03-31,FC 686 - JUEGOS Y CREACIONES,True
deuda,0.0,264235.54,VC,VH,2025-03-31,FC 300 - JUGUETES FANTASIAS,True
deuda,0.0,189000.0,VC,VH,2025-03-31,FC 36 - LYH ACCESORIOS,True
deuda,0.0,2156915.21,VC,VH,2025-03-31,FC 65934 - NADIR,True
deuda,0.0,62234.92,VC,VH,2025-03-31,FC 137 - PLAYKUK SA,True
deuda,0.0,97195.87,VC,VH,2025-03-31,FC 136 - TINK,True
deuda,0.0,97195.87,VC,VH,2025-03-31,FC 136 - TINK - ROPPOPORT,True
deuda,0.0,32212.15,VC,VH,2025-04-01,FC 11995 - OPENING,True
deuda,0.0,728396.86,VC,VH,2025-04-03,FC 328 - ESETEPE S.R.L,True
deuda,0.0,1931475.0,VC,VH,2025-04-03,FC 2214 - KARP DAMIAN ARIEL,True
deuda,0.0,99980.83,VC,VH,2025-04-03,FC 2417 - TIERRA NATIVA,True
deuda,0.0,238547.27,VC,VH,2025-04-04,FC 127892 - EVACOR,False
deuda,0.0,238547.27,VC,VH,2025-04-04,FC 297 - EVACOR,True
deuda,0.0,132825.0,VC,VH,2025-04-05,FC 612 - HORIZONTE,True
deuda,0.0,454033.88,VC,VH,2025-04-07,FC 6159 - CADENACI,False
deuda,0.0,201775.0,VC,VH,2025-04-07,FC 641 - EMERPLAST,True
deuda,0.0,975028.26,VC,VH,2025-04-08,FC 5466 - ANGY - ANGELA,True
deuda,0.0,892223.47,VC,VH,2025-04-08,FC 4888 - ANGY IMPORTADORA,True
deuda,0.0,1513723.1,VC,VH,2025-04-08,FC 36087 - BENABI,True
deuda,0.0,1931475.0,VC,VH,2025-04-08,FC 2240 - KARP DAMIAN ARIEL,True
deuda,0.0,502687.36,VC,VH,2025-04-08,FC 12751 - MENAJE EL SIGLO,True
deuda,0.0,559002.36,VC,VH,2025-04-08,FC 12750 - MENAJE EL SIGLO,True
deuda,0.0,804677.77,VC,VH,2025-04-08,FC 50 - PLAYKUK B,True
deuda,0.0,144277.81,VC,VH,2025-04-08,FC 51 - PLAYKUK B,True
deuda,0.0,804677.77,VC,VH,2025-04-08,FC 50 - PLAYKUK SA,True
deuda,0.0,144277.81,VC,VH,2025-04-08,FC 51 - PLAYKUK SA,True
deuda,0.0,635238.43,VC,VH,2025-04-08,FC 6 - PLAYKUK SA,True
deuda,0.0,782447.85,VC,VH,2025-04-09,FC 67769 - IBICO,True
deuda,0.0,207998.64,VC,VH,2025-04-10,FC 36235 - BENABI,True
deuda,0.0,314467.48,VC,VH,2025-04-10,FC 3995 - LA NACIONAL,False
deuda,0.0,725139.26,VC,VH,2025-04-11,FC 36261 - BENABI,True
deuda,0.0,124719.46,VC,VH,2025-04-11,FC 62565 - POKA,True
deuda,0.0,631419.09,VC,VH,2025-04-11,FC 54599 - POKA B,True
deuda,0.0,124719.46,VC,VH,2025-04-11,FC 62565 - POKA B,True
deuda,0.0,631419.09,VC,VH,2025-04-11,FC 54599 - SHIPY,True
deuda,0.0,73877.77,VC,VH,2025-04-15,FC 779 - SUEÑOS MAGICOS,True
deuda,0.0,3019517.4,VC,VH,2025-04-16,FC 112019 - GEMINELLI S.A,True
deuda,0.0,122500.0,VC,VH,2025-04-16,FC 614 - HORIZONTE,True
deuda,0.0,309846.03,VC,VH,2025-04-16,FC 10622 - MUNDO PLASTIC,True
deuda,0.0,214987.36,VC,VH,2025-04-16,FC 1198 - PLASTICOS LUCERO,False
deuda,0.0,950618.51,VC,VH,2025-04-21,FC 141 - LOPEZ NICOLAS R,True
deuda,0.0,72163.64,VC,VH,2025-04-22,FC 74160 - GO SHOP S.A,True
deuda,0.0,291237.02,VC,VH,2025-04-22,FC 74161 - GO SHOP S.A,True
deuda,0.0,607438.02,VC,VH,2025-04-22,FC 74162 - GO SHOP S.A,True
deuda,0.0,174942.15,VC,VH,2025-04-22,FC 74163 - GO SHOP S.A,True
deuda,0.0,258247.93,VC,VH,2025-04-22,FC 74164 - GO SHOP S.A,True
deuda,0.0,287459.05,VC,VH,2025-04-22,FC 142672 - MEDORO,True
deuda,0.0,238360.41,VC,VH,2025-04-22,FC 12808 - MENAJE EL SIGLO,True
deuda,0.0,83258.93,VC,VH,2025-04-22,FC 54851 - POKA B,True
deuda,0.0,83258.93,VC,VH,2025-04-22,FC 54851 - SHIPY,True
deuda,0.0,1671256.07,VC,VH,2025-04-23,FC 3131 - BECHAR SRL,True
deuda,0.0,2189865.83,VC,VH,2025-04-23,FC 3126 - BECHAR SRL,True
deuda,0.0,2106421.49,VC,VH,2025-04-23,FC 8590 - GRIFLOR,True
deuda,0.0,284497.64,VC,VH,2025-04-23,FC 8307 - LML - CINTAS,True
deuda,0.0,1227371.9,VC,VH,2025-04-23,FC 1873 - SEBIGUS,True
deuda,0.0,555024.79,VC,VH,2025-04-23,FC 1871 - SEBIGUS,True
deuda,0.0,677799.3,VC,VH,2025-04-24,FC 2484 - ARTEGLASS,True
deuda,0.0,196744.55,VC,VH,2025-04-24,FC 24976 - ENCANTA,True
deuda,0.0,202365.95,VC,VH,2025-04-24,FC 8322 - LML - CINTAS,True
deuda,0.0,1088211.32,VC,VH,2025-04-24,FC 49772 - MODAX,True
deuda,0.0,175000.0,VC,VH,2025-04-24,FC 11437 - TALLERES GRAFICOS UNION,True
deuda,0.0,504000.0,VC,VH,2025-04-25,FC 392 - ALUMINIO REAL,True
deuda,0.0,216518.39,VC,VH,2025-04-25,FC 38251 - LA PORTEÑA,True
deuda,0.0,199583.88,VC,VH,2025-04-26,FC 399 - ALUMINIO REAL,True
deuda,0.0,192036.03,VC,VH,2025-04-28,FC 129241 - MERCATOR S.A,True
deuda,0.0,72917.44,VC,VH,2025-04-29,FC 12147 - COTILLON OTERO,True
deuda,0.0,801500.0,VC,VH,2025-04-29,FC 246 - DAKESIAN DELFINA,True
deuda,0.0,415587.11,VC,VH,2025-04-29,FC 38901 - LABORATORIOS DEWEY,True
deuda,0.0,266703.47,VC,VH,2025-04-29,FC 6490 - MAXXUM,True
deuda,0.0,715071.98,VC,VH,2025-04-29,FC 49881 - MODAX,True
deuda,0.0,1257415.21,VC,VH,2025-04-29,FC 16119 - MOLDURAS DEL PLATA,True
deuda,0.0,622394.3,VC,VH,2025-04-30,FC 12860 - MENAJE EL SIGLO,True
deuda,0.0,159440.33,VC,VH,2025-05-02,FC 24781 - PERFILPLAST,True
deuda,0.0,1716369.92,VC,VH,2025-05-02,FC 177562 - VELAS DE LOS MILAGROS,True
deuda,0.0,128457.52,VC,VH,2025-05-02,FC 177563 - VELAS DE LOS MILAGROS,True
deuda,0.0,169555.62,VC,VH,2025-05-06,FC 129461 - MERCATOR S.A,True
deuda,0.0,118137.44,VC,VH,2025-05-06,FC 24801 - PERFILPLAST,True
deuda,0.0,2012885.87,VC,VH,2025-05-08,FC 3514 - BECHAR SRL,True
deuda,0.0,38167.93,VC,VH,2025-05-08,FC 36771 - BENABI,True
deuda,0.0,551658.43,VC,VH,2025-05-08,FC 36751 - BENABI,True
deuda,0.0,113804.38,VC,VH,2025-05-08,FC 16142 - MOLDURAS DEL PLATA,True
deuda,0.0,1632134.17,VC,VH,2025-05-09,FC 3551 - BECHAR SRL,True
deuda,0.0,1126677.77,VC,VH,2025-05-09,FC 3553 - BECHAR SRL,True
deuda,0.0,126029.5,VC,VH,2025-05-09,FC 154 - RONDINELLA,True
deuda,0.0,39900.0,VC,VH,2025-05-12,FC 20759 - IMAGEN PARTY,True
deuda,0.0,449462.77,VC,VH,2025-05-13,FC 1458 - COTILLON OTERO,True
deuda,0.0,458646.07,VC,VH,2025-05-13,FC 20731 - SAO LEOPOLDO,True
deuda,0.0,491966.65,VC,VH,2025-05-13,FC 7377 - TSUNAMI,True
deuda,0.0,2773949.3,VC,VH,2025-05-14,FC 3714 - BECHAR SRL,True
deuda,0.0,276519.38,VC,VH,2025-05-15,FC 3717 - IND. PLASTICAS RAO,True
deuda,0.0,436078.6,VC,VH,2025-05-19,FC 37012 - BENABI,True
deuda,0.0,74760.0,VC,VH,2025-05-19,FC 15899 - IMPORTAL GROUP,True
deuda,0.0,100295.83,VC,VH,2025-05-19,FC 50213 - MODAX,True
deuda,0.0,146940.99,VC,VH,2025-05-20,FC 8550 - EL MUNDO DEL BAZAR,True
deuda,0.0,273840.0,VC,VH,2025-05-20,FC 8551 - EL MUNDO DEL BAZAR,True
deuda,0.0,58170.0,VC,VH,2025-05-20,FC 8563 - EL MUNDO DEL BAZAR,True
deuda,0.0,223091.74,VC,VH,2025-05-20,FC 26964 - PLASTIPRESS,True
deuda,0.0,57310.91,VC,VH,2025-05-21,FC 55805 - POKA B,True
deuda,0.0,57310.91,VC,VH,2025-05-21,FC 55805 - SHIPY,True
deuda,0.0,1133.6,VC,VH,2025-05-22,FC 386 - GLOBAL MARKET US$,True
deuda,0.0,837032.23,VC,VH,2025-05-22,FC 19622 - IDEAS RODECA,True
deuda,0.0,324545.45,VC,VH,2025-05-22,FC 3359 - IDEAS RODECA B,True
deuda,0.0,533899.26,VC,VH,2025-05-22,FC 127768 - IMPO. AMERICANA,True
deuda,0.0,535331.36,VC,VH,2025-05-22,FC 2793 - PLASTICOS GLAGO,True
deuda,0.0,323.97,VC,VH,2025-05-23,FC 387 - GLOBAL MARKET US$,True
deuda,0.0,512858.47,VC,VH,2025-05-23,FC 15819 - TRANCOSO,True
deuda,0.0,3111860.41,VC,VH,2025-05-25,FC 4145 - BECHAR SRL,True
deuda,0.0,189173.55,VC,VH,2025-05-26,FC 4616 - MULTIMAX,True
deuda,0.0,45123.97,VC,VH,2025-05-26,FC 4617 - MULTIMAX,True
deuda,0.0,332644.63,VC,VH,2025-05-26,FC 7398 - TSUNAMI,True
deuda,0.0,269618.88,VC,VH,2025-05-27,FC 48882 - PLASTICO BANPLAST,True
deuda,0.0,130885.83,VC,VH,2025-05-27,FC 48883 - PLASTICO BANPLAST,True
deuda,0.0,370650.0,VC,VH,2025-05-28,FC 8511 - EL MUNDO DEL BAZAR,False
deuda,0.0,1440.79,VC,VH,2025-05-29,FC 418 - GLOBAL MARKET US$,True
deuda,0.0,3070461.49,VC,VH,2025-05-30,FC 412 - BIRKA CASENAVE,True
deuda,0.0,310.95,VC,VH,2025-05-30,FC 426 - GLOBAL MARKET US$,True
deuda,0.0,971318.26,VC,VH,2025-05-31,FC 36055 - EXTRALIMP,True
deuda,0.0,4116948.76,VC,VH,2025-06-02,FC 4381 - BECHAR SRL,False
deuda,0.0,3402436.78,VC,VH,2025-06-02,FC 11762 - BECHAR SRL,True
deuda,0.0,1557290.0,VC,VH,2025-06-02,FC 815 - DOÑA TINA,True
deuda,0.0,635939.59,VC,VH,2025-06-02,FC 23080 - PANA PACK,True
deuda,0.0,267913.43,VC,VH,2025-06-02,FC 23079 - PANA PACK,True
deuda,0.0,58329.67,VC,VH,2025-06-02,FC 27000 - RECOR,True
deuda,0.0,34744.59,VC,VH,2025-06-02,FC 27001 - RECOR,True
deuda,0.0,6708.14,VC,VH,2025-06-02,FC 27002 - RECOR,True
deuda,0.0,8655.41,VC,VH,2025-06-03,FC 23083 - PANA PACK,True
deuda,0.0,176400.0,VC,VH,2025-06-03,FC 6946 - SEBILLE,True
deuda,0.0,3728560.99,VC,VH,2025-06-03,FC 180870 - VELAS DE LOS MILAGROS,True
deuda,0.0,18050.45,VC,VH,2025-06-03,FC 180871 - VELAS DE LOS MILAGROS,True
deuda,0.0,402570.0,VC,VH,2025-06-04,FC 50458 - MODAX,True
deuda,0.0,1252927.4,VC,VH,2025-06-04,FC 16214 - MOLDURAS DEL PLATA,True
deuda,0.0,137264.5,VC,VH,2025-06-04,FC 49035 - PLASTICO BANPLAST,True
deuda,0.0,254609.09,VC,VH,2025-06-04,FC 49036 - PLASTICO BANPLAST,True
deuda,0.0,61297.73,VC,VH,2025-06-04,FC 63951 - QUALITET SA,True
deuda,0.0,488757.07,VC,VH,2025-06-04,FC 63952 - QUALITET SA,True
deuda,0.0,736610.0,VC,VH,2025-06-05,FC 1343 - MADERAS FERPA,True
deuda,0.0,342189.79,VC,VH,2025-06-05,FC 7413 - TSUNAMI,True
deuda,0.0,655290.25,VC,VH,2025-06-06,FC 4772 - BECHAR SRL,True
deuda,0.0,255790.7,VC,VH,2025-06-06,FC 9623 - MAULLIN SA,True
deuda,0.0,784887.15,VC,VH,2025-06-06,FC 21481 - MF HNOS SA,True
deuda,0.0,70217.81,VC,VH,2025-06-06,FC 49097 - PLASTICO BANPLAST,True
deuda,0.0,592597.15,VC,VH,2025-06-09,FC 50323 - ANILINAS COLIBRI,True
deuda,0.0,124810.58,VC,VH,2025-06-09,FC 16228 - MOLDURAS DEL PLATA,True
deuda,0.0,425523.06,VC,VH,2025-06-12,FC 6760 - MYM PARTY,True
deuda,0.0,844125.66,VC,VH,2025-06-13,FC 37772 - BENABI,True
deuda,0.0,423471.65,VC,VH,2025-06-13,FC 37761 - BENABI,True
deuda,0.0,315000.0,VC,VH,2025-06-13,FC 250 - DAKESIAN DELFINA,True
deuda,0.0,399196.4,VC,VH,2025-06-16,FC 2895 - SEBIGUS,True
deuda,0.0,1023494.88,VC,VH,2025-06-17,FC 5132 - BECHAR SRL,True
deuda,0.0,714921.86,VC,VH,2025-06-17,FC 56972 - CAMPAGNA,True
deuda,0.0,648123.35,VC,VH,2025-06-17,FC 56973 - CAMPAGNA,True
deuda,0.0,657230.29,VC,VH,2025-06-18,FC 5189 - BECHAR SRL,True
deuda,0.0,2078122.11,VC,VH,2025-06-24,FC 5369 - BECHAR SRL,True
deuda,0.0,350000.0,VC,VH,2025-06-25,FC 253 - DAKESIAN DELFINA,True
deuda,0.0,959467.44,VC,VH,2025-06-26,FC 2096 - COTILLON FANTASIAS,True
deuda,0.0,112358.68,VC,VH,2025-06-26,FC 1051 - FUN TOYS,True
deuda,0.0,65100.0,VC,VH,2025-06-27,FC 21017 - IMAGEN PARTY,True
deuda,0.0,424620.0,VC,VH,2025-07-02,FC 1782 - PALLADINO,True
deuda,0.0,282084.67,VC,VH,2025-07-03,FC 5690 - BECHAR SRL,True
deuda,0.0,1056415.12,VC,VH,2025-07-03,FC 1076 - PERKUL,True
deuda,0.0,176735.54,VC,VH,2025-07-03,FC 3353 - SEBIGUS,True
deuda,0.0,236250.0,VC,VH,2025-07-04,FC 446 - BIRKA CASENAVE,True
deuda,0.0,212100.0,VC,VH,2025-07-04,FC 661 - EMERPLAST,True
deuda,0.0,352192.27,VC,VH,2025-07-07,FC 3499 - SEBIGUS,True
deuda,0.0,124425.0,VC,VH,2025-07-10,FC 19981 - HOW WENS,True
deuda,0.0,309225.0,VC,VH,2025-07-10,FC 19982 - HOW WENS,True
deuda,0.0,241723.02,VC,VH,2025-07-11,FC 4147 - LA NACIONAL,True
deuda,0.0,202954.3,VC,VH,2025-07-11,FC 8548 - LML - CINTAS,True
deuda,0.0,1432344.05,VC,VH,2025-07-16,FC 5244 - OLDCLAN,True
deuda,0.0,754488.35,VC,VH,2025-07-18,FC 128926 - IMPO. AMERICANA,True
deuda,0.0,177704.83,VC,VH,2025-07-18,FC 128927 - IMPO. AMERICANA,True
deuda,0.0,105376.9,VC,VH,2025-07-21,FC 9397 - JNG PLAST,True
deuda,0.0,200900.0,VC,VH,2025-07-21,FC 5 - SORLUZ,True
deuda,0.0,750010.66,VC,VH,2025-07-22,FC 9405 - JNG PLAST,True
deuda,0.0,311396.16,VC,VH,2025-07-23,FC 15254 - ALUMINIO REAL,True
deuda,0.0,464015.83,VC,VH,2025-07-23,FC 564 - ALUMINIO REAL,True
deuda,0.0,691645.41,VC,VH,2025-07-23,FC 20350 - IDEAS RODECA,True
deuda,0.0,162862.81,VC,VH,2025-07-23,FC 7536 - NAGUS S.R.L,True
deuda,0.0,298143.31,VC,VH,2025-07-23,FC 27379 - PLASTIPRESS,True
deuda,0.0,78750.0,VC,VH,2025-07-24,FC 20146 - HOW WENS,True
deuda,0.0,366725.95,VC,VH,2025-07-24,FC 90985 - SILKSTONE,True
deuda,0.0,534150.62,VC,VH,2025-07-25,FC 1247 - ALBERTO SCOLARI,True
deuda,0.0,751689.79,VC,VH,2025-07-25,FC 1697 - FUN TOYS,True
deuda,0.0,1041114.05,VC,VH,2025-07-25,FC 186548 - VELAS DE LOS MILAGROS,True
deuda,0.0,650595.91,VC,VH,2025-07-30,FC 3757 - IND. PLASTICAS RAO,True
deuda,0.0,394834.71,VC,VH,2025-07-30,FC 7465 - TSUNAMI,True
deuda,0.0,301578.22,VC,VH,2025-07-31,FC 29723 - SALZANO,True
deuda,0.0,455065.37,VC,VH,2025-08-04,FC 4503 - INDUS. TECNOMATRIC,True
deuda,0.0,533330.29,VC,VH,2025-08-05,FC 20599 - IDEAS RODECA,True
deuda,0.0,372726.86,VC,VH,2025-08-05,FC 129412 - IMPO. AMERICANA,True
deuda,0.0,388667.77,VC,VH,2025-08-05,FC 7625 - NAGUS S.R.L,True
deuda,0.0,138021.2,VC,VH,2025-08-05,FC 187627 - VELAS DE LOS MILAGROS,True
deuda,0.0,234506.94,VC,VH,2025-08-06,FC 1081 - MULPLAST SRL,True
deuda,0.0,475193.26,VC,VH,2025-08-06,FC 28426 - RECOR,True
deuda,0.0,191984.26,VC,VH,2025-08-07,FC 16371 - BOYANO MONALLI,True
deuda,0.0,33818.97,VC,VH,2025-08-07,FC 16372 - BOYANO MONALLI,True
deuda,0.0,513736.94,VC,VH,2025-08-08,FC 5945 - AVIOS,True
deuda,0.0,89775.0,VC,VH,2025-08-08,FC 620 - HORIZONTE,True
deuda,0.0,216948.22,VC,VH,2025-08-08,FC 7189 - IMPO OFFICE,True
deuda,0.0,299040.0,VC,VH,2025-08-08,FC 353 - INDUSTRIAS KMG,True
deuda,0.0,1154285.54,VC,VH,2025-08-08,FC 12241 - OPENING,True
deuda,0.0,1037332.02,VC,VH,2025-08-11,FC 26119 - STAR COMPANY,True
deuda,0.0,461326.03,VC,VH,2025-08-11,FC 26120 - STAR COMPANY,True
deuda,0.0,245735.29,VC,VH,2025-08-12,FC 124 - CASTILLO - CORIZZO,True
deuda,0.0,640609.63,VC,VH,2025-08-12,FC 6694 - DISEÑO RYD,True
deuda,0.0,5601484.75,VC,VH,2025-08-12,FC 211783 - RIGOLLEAU,True
deuda,0.0,561677.11,VC,VH,2025-08-13,FC 112901 - GEMINELLI S.A,True
deuda,0.0,3457677.48,VC,VH,2025-08-13,FC 112928 - GEMINELLI S.A,True
deuda,0.0,1685523.35,VC,VH,2025-08-13,FC 4890 - MULTIMAX,True
deuda,0.0,57272.73,VC,VH,2025-08-13,FC 4891 - MULTIMAX,True
deuda,0.0,353667.77,VC,VH,2025-08-13,FC 1110 - ROMEO JOSE,True
deuda,0.0,175895.83,VC,VH,2025-08-14,FC 2817 - ARTEGLASS,True
deuda,0.0,1720958.97,VC,VH,2025-08-14,FC 26296 - ENCANTA,True
deuda,0.0,123934.42,VC,VH,2025-08-14,FC 27508 - PLASTIPRESS,True
deuda,0.0,125873.88,VC,VH,2025-08-18,FC 344 - BERMUDEZ MAURICIO,True
deuda,0.0,424338.84,VC,VH,2025-08-18,FC 7482 - TSUNAMI,True
deuda,0.0,152460.0,VC,VH,2025-08-19,FC 25788 - AEROCOR,True
deuda,0.0,218400.0,VC,VH,2025-08-19,FC 419 - INDUSTRIAS KMG,True
deuda,0.0,235760.0,VC,VH,2025-08-19,FC 426 - INDUSTRIAS KMG,True
deuda,0.0,92338.68,VC,VH,2025-08-20,FC 16426 - BOYANO MONALLI,True
deuda,0.0,57752.02,VC,VH,2025-08-20,FC 32198 - DELCAPACK,True
deuda,0.0,682018.68,VC,VH,2025-08-21,FC 31972 - ENVASES PALERMO,True
deuda,0.0,295359.5,VC,VH,2025-08-22,FC 6621 - MAXXUM,True
deuda,0.0,245439.09,VC,VH,2025-08-24,FC 2025 - GRACIELA BOYANO,True
deuda,0.0,190050.0,VC,VH,2025-08-26,FC 672 - EMERPLAST,True
deuda,0.0,130887.27,VC,VH,2025-08-27,FC 182 - ZAKIDO,True
deuda,0.0,22337.81,VC,VH,2025-08-28,FC 43847 - BERKMA,True
deuda,0.0,323446.86,VC,VH,2025-08-28,FC 2118 - LIKBER,True
deuda,0.0,1286511.49,VC,VH,2025-08-28,FC 65303 - POKA,True
deuda,0.0,1286511.49,VC,VH,2025-08-28,FC 65303 - POKA B,True
deuda,0.0,22337.81,VC,VH,2025-08-28,FC 43847 - POKA B,True
deuda,0.0,323446.86,VC,VH,2025-08-28,FC 2118 - POKA B,True
deuda,0.0,169225.87,VC,VH,2025-08-28,FC 57187 - POKA B,True
deuda,0.0,169225.87,VC,VH,2025-08-28,FC 57187 - SHIPY,True
deuda,0.0,267339.55,VC,VH,2025-08-28,FC 183 - ZAKIDO,False
deuda,0.0,294336.12,VC,VH,2025-08-29,FC 132646 - MERCATOR S.A,True
deuda,0.0,173930.33,VC,VH,2025-09-01,FC 8745 - EL MUNDO DEL BAZAR,True
deuda,0.0,697689.42,VC,VH,2025-09-01,FC 8744 - EL MUNDO DEL BAZAR,True
deuda,0.0,575610.0,VC,VH,2025-09-01,FC 8742 - EL MUNDO DEL BAZAR,True
deuda,0.0,435120.0,VC,VH,2025-09-01,FC 8746 - EL MUNDO DEL BAZAR,True
deuda,0.0,614604.92,VC,VH,2025-09-02,FC 10416 - COMPAÑÍA LUARCA,True
deuda,0.0,292622.27,VC,VH,2025-09-04,FC 86374 - GRAVENT SA,True
deuda,0.0,81620.0,VC,VH,2025-09-04,FC 20910 - IDEAS RODECA,True
deuda,0.0,476000.0,VC,VH,2025-09-04,FC 7812 - NAGUS S.R.L,True
deuda,0.0,1493246.07,VC,VH,2025-09-05,FC 130093 - IMPO. AMERICANA,True
deuda,0.0,250700.66,VC,VH,2025-09-05,FC 130094 - IMPO. AMERICANA,True
deuda,0.0,405457.36,VC,VH,2025-09-05,FC 4230 - LA NACIONAL,True
deuda,0.0,67685.66,VC,VH,2025-09-05,FC 7505 - TSUNAMI,True
deuda,0.0,266115.7,VC,VH,2025-09-08,FC 159 - SALAS ROMINA,True
deuda,0.0,503560.33,VC,VH,2025-09-08,FC 2538 - ZABAWA SRL,True
deuda,0.0,11200.0,VC,VH,2025-09-08,FC 2539 - ZABAWA SRL,True
deuda,0.0,62595.62,VC,VH,2025-09-09,FC 5214 - COTILLON HERRERA,True
deuda,0.0,269.3,VC,VH,2025-09-09,FC 782 - GLOBAL MARKET US$,True
deuda,0.0,357352.6,VC,VH,2025-09-09,FC 1323 - MATRICERIA JL,True
deuda,0.0,1255223.8,VC,VH,2025-09-09,FC 4978 - MULTIMAX,True
deuda,0.0,891267.19,VC,VH,2025-09-09,FC 21388 - SAO LEOPOLDO,True
deuda,0.0,3109180.74,VC,VH,2025-09-09,FC 191519 - VELAS DE LOS MILAGROS,True
deuda,0.0,1093863.68,VC,VH,2025-09-10,FC 23 - BIRKA CASENAVE,True
deuda,0.0,176957.11,VC,VH,2025-09-11,FC 133081 - MERCATOR S.A,True
deuda,0.0,223006.69,VC,VH,2025-09-11,FC 7 - SARAVIA PAULA,True
deuda,0.0,160826.45,VC,VH,2025-09-11,FC 140 - TINK - RAPPOPORT,True
deuda,0.0,1441018.55,VC,VH,2025-09-12,FC 2722 - ARTESANIAS MERCADO,True
deuda,0.0,164303.88,VC,VH,2025-09-12,FC 541 - INDUSTRIAS KMG,True
deuda,0.0,324660.0,VC,VH,2025-09-15,FC 8776 - EL MUNDO DEL BAZAR,True
deuda,0.0,286536.9,VC,VH,2025-09-16,FC 369 - BARICHEVAL,True
deuda,0.0,63287.52,VC,VH,2025-09-16,FC 133203 - MERCATOR S.A,True
deuda,0.0,542515.04,VC,VH,2025-09-18,FC 3788 - IND. PLASTICAS RAO,True
deuda,0.0,930216.98,VC,VH,2025-09-19,FC 58106 - CAMPAGNA,True
deuda,0.0,240163.93,VC,VH,2025-09-23,FC 10558 - COMPAÑÍA LUARCA,True
deuda,0.0,287621.61,VC,VH,2025-09-23,FC 40874 - LA PORTEÑA,True
deuda,0.0,1614752.77,VC,VH,2025-09-23,FC 13342 - MENAJE EL SIGLO,True
deuda,0.0,59582.44,VC,VH,2025-09-23,FC 133462 - MERCATOR S.A,True
deuda,0.0,345745.04,VC,VH,2025-09-23,FC 5036 - MULTIMAX,True
deuda,0.0,783003.8,VC,VH,2025-09-23,FC 2878 - PLASTICOS GLAGO,True
deuda,0.0,86377.69,VC,VH,2025-09-23,FC 8 - SARAVIA PAULA,True
deuda,0.0,371900.17,VC,VH,2025-09-23,FC 87574 - TICORAL,True
deuda,0.0,402360.0,VC,VH,2025-09-23,FC 19 - VENTICINQUE FABIAN,True
deuda,0.0,312900.0,VC,VH,2025-09-24,FC 2041 - BARCEL,True
deuda,0.0,154805.0,VC,VH,2025-09-24,FC 2413 - PICCULI,True
deuda,0.0,218641.53,VC,VH,2025-09-26,FC 721 - UNIPACK,True
deuda,0.0,46080.83,VC,VH,2025-09-26,FC 722 - UNIPACK,True
deuda,0.0,15817.11,VC,VH,2025-09-26,FC 723 - UNIPACK,True
deuda,0.0,22725.41,VC,VH,2025-09-26,FC 46901 - UNIPACK,True
deuda,0.0,56008.39,VC,VH,2025-09-26,FC 46902 - UNIPACK,True
deuda,0.0,967547.23,VC,VH,2025-09-30,FC 3573 - NPA SOLUCIONES,True
deuda,0.0,199586.78,VC,VH,2025-09-30,FC 7520 - TSUNAMI,True
deuda,0.0,16267.19,VC,VH,2025-09-30,FC 46954 - UNIPACK,True
deuda,0.0,1480767.56,VC,VH,2025-10-02,FC 1860 - LA CRISTALERIA,True
deuda,0.0,144067.52,VC,VH,2025-10-06,FC 44709 - BERKMA,True
deuda,0.0,236218.76,VC,VH,2025-10-06,FC 27833 - PLASTIPRESS,True
deuda,0.0,433970.21,VC,VH,2025-10-06,FC 66939 - POKA,True
deuda,0.0,433970.21,VC,VH,2025-10-06,FC 66939 - POKA B,True
deuda,0.0,144067.52,VC,VH,2025-10-06,FC 44709 - POKA B,True
deuda,0.0,262500.0,VC,VH,2025-10-07,FC 73 - SORLUZ,True
deuda,0.0,262500.0,VC,VH,2025-10-07,FC 73 - UNIPACK,False
deuda,0.0,1495806.86,VC,VH,2025-10-08,FC 5313 - LIVORNO,True
deuda,0.0,638229.63,VC,VH,2025-10-09,FC 37524 - EXTRALIMP,True
deuda,0.0,332500.0,VC,VH,2025-10-09,FC 1545 - MAGNOTTA,True
deuda,0.0,516153.68,VC,VH,2025-10-10,FC 69 - LYH ACCESORIOS,True
deuda,0.0,632835.0,VC,VH,2025-10-10,FC 70 - LYH ACCESORIOS,True
deuda,0.0,508404.5,VC,VH,2025-10-10,FC 68 - LYH ACCESORIOS,True
deuda,0.0,558530.0,VC,VH,2025-10-12,FC 273 - DAKESIAN DELFINA,True
deuda,0.0,400407.52,VC,VH,2025-10-14,FC 50924 - LIBESA,True
deuda,0.0,1125087.15,VC,VH,2025-10-15,FC 1086 - PERKUL,True
deuda,0.0,137071.28,VC,VH,2025-10-15,FC 27900 - PLASTIPRESS,True
deuda,0.0,431200.0,VC,VH,2025-10-17,FC 7036 - CADENACI,True
deuda,0.0,78960.0,VC,VH,2025-10-17,FC 7037 - CADENACI,True
deuda,0.0,256753.06,VC,VH,2025-10-21,FC 21337 - IDEAS RODECA,True
deuda,0.0,337970.99,VC,VH,2025-10-22,FC 16767 - BOYANO MONALLI,True
deuda,0.0,198244.92,VC,VH,2025-10-22,FC 16766 - BOYANO MONALLI,True
deuda,0.0,1367390.41,VC,VH,2025-10-22,FC 16753 - MOLDURAS DEL PLATA,True
deuda,0.0,632126.03,VC,VH,2025-10-23,FC 21364 - IDEAS RODECA,True
deuda,0.0,305106.28,VC,VH,2025-10-23,FC 4746 - INDUS. TECNOMATRIC,True
deuda,0.0,77802.4,VC,VH,2025-10-23,FC 8186 - NAGUS S.R.L,True
deuda,0.0,260400.0,VC,VH,2025-10-24,FC 58659 - CAMPAGNA,True
deuda,0.0,377955.45,VC,VH,2025-10-24,FC 4306 - LA NACIONAL,True
deuda,0.0,741323.43,VC,VH,2025-10-28,FC 8915 - GRIFLOR,True
deuda,0.0,446361.36,VC,VH,2025-10-29,FC 66381 - SOIFER,True
deuda,0.0,202487.73,VC,VH,2025-10-31,FC 51305 - LIBESA,True
deuda,0.0,83160.0,VC,VH,2025-11-03,FC 30438 - HEMAPEL,True
deuda,0.0,892867.07,VC,VH,2025-11-03,FC 26896 - STAR COMPANY,True
deuda,0.0,571114.67,VC,VH,2025-11-03,FC 26897 - STAR COMPANY,True
deuda,0.0,1325899.5,VC,VH,2025-11-05,FC 6096 - IBICO,True
deuda,0.0,230458.22,VC,VH,2025-11-05,FC 30349 - RECOR,True
deuda,0.0,803958.1,VC,VH,2025-11-06,FC 4342 - BRICK THE ONE,True
deuda,0.0,135337.77,VC,VH,2025-11-06,FC 2137 - COTILLON FANTASIAS,True
deuda,0.0,255255.0,VC,VH,2025-11-06,FC 5163 - MULTIMAX,True
deuda,0.0,88674.09,VC,VH,2025-11-06,FC 59183 - POKA B,True
deuda,0.0,88674.09,VC,VH,2025-11-06,FC 59183 - SHIPY,True
deuda,0.0,549541.07,VC,VH,2025-11-07,FC 13599 - CONOMETAL,True
deuda,0.0,313230.91,VC,VH,2025-11-07,FC 15799 - DISTRIBUIDORA PIRAMIDE,True
deuda,0.0,224525.0,VC,VH,2025-11-07,FC 698 - EMERPLAST,True
deuda,0.0,11292345.33,VC,VH,2025-11-10,FC 194186 - BIC,False
deuda,0.0,362250.0,VC,VH,2025-11-10,FC 85 - BIRKA CASENAVE,True
deuda,0.0,64531.32,VC,VH,2025-11-11,FC 45505 - BERKMA,True
deuda,0.0,614029.88,VC,VH,2025-11-11,FC 194243 - BIC,False
deuda,0.0,302752.89,VC,VH,2025-11-11,FC 30298 - KOVALPLAST,True
deuda,0.0,128104.05,VC,VH,2025-11-11,FC 30299 - KOVALPLAST,True
deuda,0.0,90704.96,VC,VH,2025-11-11,FC 68808 - POKA,True
deuda,0.0,66185.87,VC,VH,2025-11-11,FC 59439 - POKA B,True
deuda,0.0,64531.32,VC,VH,2025-11-11,FC 45505 - POKA B,True
deuda,0.0,90704.96,VC,VH,2025-11-11,FC 68808 - POKA B,True
deuda,0.0,66185.87,VC,VH,2025-11-11,FC 59439 - SHIPY,True
deuda,0.0,551040.0,VC,VH,2025-11-12,FC 685 - DECOR NAVI,True
deuda,0.0,274315.83,VC,VH,2025-11-12,FC 6045 - PRODUCTOS BARCE,True
deuda,0.0,125988.43,VC,VH,2025-11-12,FC 270 - ZAKIDO,True
deuda,0.0,123059.13,VC,VH,2025-11-12,FC 271 - ZAKIDO,True
deuda,0.0,400918.64,VC,VH,2025-11-13,FC 2770 - ARTESANIAS MERCADO,True
deuda,0.0,625652.48,VC,VH,2025-11-13,FC 11465 - MAGENTA COMPANY,True
deuda,0.0,196875.0,VC,VH,2025-11-14,FC 98 - BIRKA CASENAVE,True
deuda,0.0,330368.18,VC,VH,2025-11-17,FC 134968 - MERCATOR S.A,True
deuda,0.0,644866.61,VC,VH,2025-11-17,FC 7371 - MYM PARTY,True
deuda,0.0,751063.84,VC,VH,2025-11-17,FC 7372 - MYM PARTY,True
deuda,0.0,94217.11,VC,VH,2025-11-17,FC 7373 - MYM PARTY,True
deuda,0.0,497747.44,VC,VH,2025-11-18,FC 8866 - EL MUNDO DEL BAZAR,True
deuda,0.0,60002.44,VC,VH,2025-11-19,FC 30645 - RECOR,True
deuda,0.0,429887.36,VC,VH,2025-11-20,FC 5213 - MULTIMAX,True
deuda,0.0,882124.96,VC,VH,2025-11-21,FC 52164 - PLASTICO BANPLAST,True
deuda,0.0,746868.47,VC,VH,2025-11-22,FC 116 - BIRKA CASENAVE,True
deuda,0.0,73239.67,VC,VH,2025-11-25,FC 141 - TINK - RAPPOPORT,True
deuda,0.0,1005480.0,VC,VH,2025-11-26,FC 26571 - AEROCOR,True
deuda,0.0,150570.0,VC,VH,2025-11-26,FC 8875 - EL MUNDO DEL BAZAR,True
deuda,0.0,615713.06,VC,VH,2025-11-26,FC 131696 - IMPO. AMERICANA,True
deuda,0.0,184892.56,VC,VH,2025-11-27,FC 386 - BARICHEVAL,True
deuda,0.0,166250.0,VC,VH,2025-11-28,FC 1618 - MAGNOTTA,True
deuda,0.0,465149.13,VC,VH,2025-11-28,FC 135235 - MERCATOR S.A,True
deuda,0.0,603963.18,VC,VH,2025-11-28,FC 60122 - POKA B,True
deuda,0.0,603963.18,VC,VH,2025-11-28,FC 60122 - SHIPY,True
deuda,0.0,256230.37,VC,VH,2025-12-01,FC 2780 - ARTESANIAS MERCADO,True
deuda,0.0,297515.91,VC,VH,2025-12-01,FC 6803 - GRADUA,True
deuda,0.0,16220.04,VC,VH,2025-12-01,FC 6804 - GRADUA,True
deuda,0.0,297515.91,VC,VH,2025-12-01,FC 6803 - GRADUA B,True
deuda,0.0,16805.79,VC,VH,2025-12-01,FC 6804 - GRADUA B,True
deuda,0.0,517990.74,VC,VH,2025-12-01,FC 21718 - IDEAS RODECA,True
deuda,0.0,287908.84,VC,VH,2025-12-01,FC 30659 - SALZANO,True
deuda,0.0,250950.0,VC,VH,2025-12-02,FC 2102 - BOYANO GRACIELA,True
deuda,0.0,1281929.09,VC,VH,2025-12-02,FC 12509 - OPENING,True
deuda,0.0,1338776.03,VC,VH,2025-12-03,FC 8051 - BERUPLAST,True
deuda,0.0,2506662.98,VC,VH,2025-12-03,FC 114036 - GEMINELLI S.A,True
deuda,0.0,1736129.88,VC,VH,2025-12-03,FC 114037 - GEMINELLI S.A,True
deuda,0.0,278242.77,VC,VH,2025-12-03,FC 85 - SORLUZ,True
deuda,0.0,268241.16,VC,VH,2025-12-04,FC 16045 - ALUMINIO REAL,True
deuda,0.0,402807.48,VC,VH,2025-12-04,FC 16046 - ALUMINIO REAL,True
deuda,0.0,598825.99,VC,VH,2025-12-04,FC 2785 - ARTESANIAS MERCADO,True
deuda,0.0,259150.12,VC,VH,2025-12-04,FC 28214 - PLASTIPRESS,True
deuda,0.0,139093.76,VC,VH,2025-12-05,FC 16059 - ALUMINIO REAL,True
deuda,0.0,165269.13,VC,VH,2025-12-05,FC 5459 - OLDCLAN,True
deuda,0.0,1091366.53,VC,VH,2025-12-09,FC 41793 - BENABI,True
deuda,0.0,1930002.98,VC,VH,2025-12-09,FC 70032 - NADIR,True
deuda,0.0,3254454.46,VC,VH,2025-12-09,FC 201163 - VELAS DE LOS MILAGROS,False
deuda,0.0,298012.27,VC,VH,2025-12-09,FC 5827 - DICHA S.A,True
deuda,0.0,14570351.61,VC,VH,2025-12-10,FC 130565 - ESTRADA,False
deuda,0.0,1103567.36,VC,VH,2025-12-10,FC 21794 - IMAGEN PARTY,False
deuda,0.0,352330.83,VC,VH,2025-12-10,FC 793 - PERFILPLAST,False
deuda,0.0,261056.03,VC,VH,2025-12-11,FC 29355 - CIFIVE,True
deuda,0.0,275520.0,VC,VH,2025-12-11,FC 699 - DECOR NAVI,True
deuda,0.0,71400.0,VC,VH,2025-12-12,FC 626 - HORIZONTE,True
deuda,0.0,896699.13,VC,VH,2025-12-12,FC 16881 - MOLDURAS DEL PLATA,True
deuda,0.0,129449.67,VC,VH,2025-12-12,FC 52501 - PLASTICO BANPLAST,True
deuda,0.0,823210.12,VC,VH,2025-12-15,FC 1414 - ALBERTO SCOLARI,False
deuda,0.0,319949.46,VC,VH,2025-12-15,FC 46224 - BERKMA,True
deuda,0.0,2144447.69,VC,VH,2025-12-15,FC 70202 - NADIR,True
deuda,0.0,319949.46,VC,VH,2025-12-15,FC 46224 - POKA B,False
deuda,0.0,518553.06,VC,VH,2025-12-15,FC 61124 - POKA B,False
deuda,0.0,518553.06,VC,VH,2025-12-15,FC 61124 - SHIPY,False
deuda,0.0,697788.06,VC,VH,2025-12-16,FC 8913 - EL MUNDO DEL BAZAR,False
deuda,0.0,101209.59,VC,VH,2025-12-16,FC 5317 - MULTIMAX,True
deuda,0.0,355094.09,VC,VH,2025-12-16,FC 28279 - PLASTIPRESS,True
deuda,0.0,185675.0,VC,VH,2025-12-16,FC 87 - SORLUZ,True
deuda,0.0,931563.47,VC,VH,2025-12-17,FC 2930 - PLASTICOS GLAGO,False
deuda,0.0,88809.46,VC,VH,2025-12-17,FC 61226 - POKA B,False
deuda,0.0,88809.46,VC,VH,2025-12-17,FC 61226 - SHIPY,False
deuda,0.0,198833.26,VC,VH,2025-12-18,FC 4883 - INDUS. TECNOMATRIC,False
deuda,0.0,227510.12,VC,VH,2025-12-18,FC 24420 - PANA PACK,False
deuda,0.0,330675.37,VC,VH,2025-12-19,FC 4385 - LA NACIONAL,False
deuda,0.0,617915.74,VC,VH,2025-12-19,FC 16997 - MOLDURAS DEL PLATA,False
deuda,0.0,1167836.03,VC,VH,2025-12-20,FC 5354 - MULTIMAX,False
deuda,0.0,1126278.31,VC,VH,2025-12-23,FC 5310 - MULTIMAX,False
deuda,0.0,1089387.73,VC,VH,2025-07-23,FC 20347 - IDEAS RODECA,True
deuda,0.0,3100119.21,VC,VH,2025-11-20,FC 131028 - ESTRADA,False
deuda,0.0,729359.5,VC,VH,2025-12-23,FC 7581 - TSUNAMI,False
deuda,0.0,268621.24,VC,VH,2025-12-30,FC 284 - DAKESIAN DELFINA,False
deuda,0.0,3495631.94,VC,VH,2025-12-16,FC 19836 - ME INTERNATIONAL,False
deuda,0.0,327711.65,VC,VH,2025-12-10,FC 54757 - MODAX,False
deuda,0.0,650742.56,VC,VH,2025-12-10,FC 54763 - MODAX,False
deuda,0.0,623948.76,VC,VH,2025-12-15,FC 54880 - MODAX,False
deuda,0.0,168515.45,VC,VH,2025-12-29,FC 55252 - MODAX,False
deuda,0.0,587021.45,VC,VH,2025-12-04,FC 13649 - CONOMETAL,False
deuda,0.0,143664.59,VC,VH,2025-12-04,FC 15846 - DISTRIBUIDORA PIRAMIDE,False
deuda,0.0,1172197.15,VC,VH,2025-12-26,FC 42084 - BENABI,False
